400,0.111749968
401,0.140867503
402,0.119226194
403,0.056759052
404,-0.056991346
405,0.021918638
406,0.122310615
407,0.05582662
408,0.103040283
409,0.111883285
410,0.009159684
411,0.051925
412,0.090847843
413,0.144658541
414,0.079448908
415,0.109538665
416,0.079274987
417,0.080397159
418,0.080130674
419,0.060499774
420,-0.105201856
421,-0.024254371
422,0.08854041
423,0.03489094
424,0.064435225
425,0.05569968
426,-0.015598209
427,0.016077995
428,0.016557192
429,0.035119749
430,-0.02209808
431,0.008377213
432,-0.017258827
433,-0.015223632
434,-0.031506352
435,0.010972358
436,0.015210585
437,0.002748567
438,0.027435078
439,0.061491586
440,0.018084469
441,0.027856841
442,-0.007446465
443,-0.025241222
444,0.025306329
445,0.048240385
446,0.016288916
447,0.004046814
448,0.054515559
449,-0.007213029
450,0.025452677
451,-0.034001247
452,0.01431209
453,0.019770152
454,-0.00494071
455,-0.016385292
456,-0.02039645
457,0.004781612
458,0.011482493
459,0.025137923
460,0.011898092
461,0.024786445
462,-0.020786357
463,-0.001774964
464,-0.004091467
465,-0.004907313
466,-0.018055157
467,-0.008796009
468,-0.002473744
469,-0.008245943
470,-0.027429612
471,-0.012850818
472,-0.000810026
473,-0.011475432
474,-0.025870057
475,0.014240307
476,-0.026315018
477,0.023569486
478,0.019101404
479,-0.003298076
480,0.007874056
481,-0.024581592
482,-0.019390115
483,-0.016920346
484,-0.023868887
485,-0.026397015
486,-0.002614102
487,-0.005992539
488,-0.020208702
489,-0.005413874
490,-0.015894799
491,-0.024127559
492,-0.010576181
493,-0.013741304
494,-0.004710922
495,-0.023978354
496,-0.0213039
497,-0.016873825
498,-0.016416776
499,0.037795151
500,-0.060467333
501,0.015055381
502,-0.006520247
503,-0.0384335
504,-0.029006473
505,0.01160422
506,-0.026094598
507,-0.034509684
508,-0.025825375
509,-0.019802187
510,0.005227914
511,-0.028257567
512,-0.015326734
513,-0.030854634
514,-0.035248856
515,-0.003777969
516,-0.002763143
517,0.017231237
518,0.015005264
519,-0.027092937
520,-0.027197706
521,0.000283724
522,-0.003731122
523,-0.022902663
524,-0.041599171
525,0.005768928
526,-0.00788841
527,-0.020960009
528,-0.014973071
529,0.001851512
530,-0.020378275
531,-0.005100279
532,-0.025774047
533,-0.01699388
534,-0.023483898
535,-0.004497951
536,0.00193872
537,0.003610005
538,-0.021785339
539,-0.007887932
540,0.012646388
541,-0.009468046
542,-0.015734391
543,0.008559547
544,-0.009285742
545,-0.004633669
546,-0.004867387
547,0.014914768
548,0.018447314
549,0.011262353
550,0.003938815
551,0.010488913
552,0.011121597
553,0.008480083
554,0.018761665
555,0.01260826
556,-0.003840449
557,0.003869311
558,0.015360185
559,0.006187878
560,0.002341456
561,0.006696879
562,0.01855347
563,0.002298629
564,0.00197993
565,0.015930382
566,0.012038504
567,0.001296791
568,0.006956923
569,0.02643692
570,0.001645526
571,0.019012469
572,0.013388119
573,0.011465409
574,0.021932136
575,0.008732215
576,0.017267087
577,0.005551143
578,0.022414819
579,0.017203823
580,0.021623332
581,0.010734261
582,0.003594788
583,0.004318453
584,0.015557685
585,0.01352423
586,-0.001281697
587,0.016663775
588,0.013075471
589,0.00035418
590,0.010720079
591,0.017991658
592,0.006595798
593,0.012444603
594,0.00833722
595,0.011182627
596,0.018440539
597,0.008723952
598,0.020301167
599,0.02242888
600,0.00999776
601,0.007100678
602,0.022174007
603,0.016246542
604,0.002336983
605,0.01103445
606,0.028473656
607,-0.003255779
608,-0.002455912
609,0.018558541
610,0.012953353
611,-0.001939123
612,0.01072348
613,0.011051743
614,0.018525933
615,0.018679351
616,0.013090591
617,0.023034179
618,0.020426039
619,0.015506714
620,0.018786991
621,0.011944994
622,0.015256771
623,-0.001246242
624,0.022260569
625,0.015715389
626,0.008636709
627,0.019179636
628,0.0270065
629,0.017851357
630,0.017850407
631,0.025409259
632,0.012785459
633,0.016884141
634,0.015274461
635,0.026089241
636,0.02940676
637,0.016997876
638,0.01041285
639,0.024229456
640,0.017820398
641,0.02044402
642,0.023344111
643,0.031108557
644,0.030529248
645,0.021165326
646,0.01880947
647,0.031223617
648,0.022297261
649,0.028115726
650,0.022652087
651,0.021557977
652,0.026717355
653,0.026090994
654,0.022130565
655,0.035972545
656,0.027612019
657,0.028008162
658,0.035108378
659,0.0280835
660,0.034339363
661,0.035443199
662,0.026191922
663,0.032738507
664,0.034674301
665,0.031140707
666,0.042703825
667,0.027280732
668,0.048095963
669,0.037411314
670,0.036610221
671,0.032526303
672,0.034832647
673,0.039923475
674,0.037176826
675,0.036872332
676,0.04032489
677,0.042272883
678,0.038358104
679,0.038538276
680,0.039858014
681,0.048056483
682,0.049290241
683,0.037075789
684,0.047424894
685,0.038798307
686,0.042794994
687,0.046071766
688,0.043991151
689,0.043291507
690,0.043120993
691,0.046564078
692,0.045816038
693,0.045971667
694,0.050788284
695,0.043674433
696,0.051454473
697,0.03479532
698,0.054056255
699,0.052977671
700,0.051489053
701,0.046229812
702,0.041547246
703,0.045618477
704,0.051013299
705,0.050357085
706,0.063583895
707,0.051682636
708,0.049448156
709,0.045633407
710,0.058311458
711,0.053026932
712,0.050854045
713,0.053198698
714,0.052006178
715,0.049178366
716,0.042043269
717,0.051228457
718,0.052138691
719,0.052550255
720,0.052185471
721,0.055264143
722,0.057180273
723,0.051755593
724,0.055518266
725,0.063191109
726,0.046548577
727,0.050299324
728,0.050573123
729,0.054376778
730,0.05209455
731,0.050488106
732,0.052988265
733,0.057462532
734,0.059031627
735,0.050362701
736,0.054223777
737,0.05890993
738,0.049559307
739,0.050182442
740,0.052987039
741,0.05491739
742,0.052486108
743,0.048533592
744,0.052380964
745,0.053481811
746,0.064780159
747,0.062638784
748,0.05286641
749,0.04998454
750,0.049308558
751,0.053156478
752,0.06034045
753,0.05858437
754,0.058862709
755,0.056608832
756,0.059206307
757,0.057928242
758,0.066357657
759,0.060075899
760,0.0615057
761,0.063000926
762,0.06654337
763,0.063118339
764,0.066085212
765,0.06196665
766,0.060437645
767,0.066006422
768,0.061363239
769,0.066982652
770,0.072991048
771,0.066069323
772,0.06274853
773,0.068902869
774,0.070352006
775,0.063036073
776,0.06595854
777,0.071217127
778,0.073266427
779,0.062676264
780,0.071166544
781,0.074652185
782,0.073858811
783,0.06288961
784,0.067211171
785,0.06989114
786,0.067280078
787,0.078554432
788,0.072656379
789,0.076843753
790,0.069598163
791,0.067703603
792,0.070943804
793,0.076968945
794,0.079495186
795,0.070944181
796,0.06940793
797,0.067986409
798,0.074278433
799,0.076518474
800,0.081126277
801,0.070572998
802,0.073341062
803,0.0731858
804,0.07208096
805,0.079141774
806,0.074466363
807,0.074499317
808,0.073987356
809,0.072785318
810,0.073965845
811,0.076547297
812,0.076566523
813,0.071809166
814,0.074165285
815,0.076605799
816,0.0779266
817,0.075508066
818,0.075851733
819,0.075585362
820,0.071599331
821,0.069151532
822,0.075179504
823,0.07988668
824,0.073112172
825,0.074652312
826,0.069840657
827,0.077520151
828,0.077132551
829,0.079880379
830,0.074477075
831,0.070665347
832,0.073933783
833,0.077717139
834,0.076576676
835,0.075033362
836,0.078055942
837,0.076604855
838,0.073863335
839,0.075558151
840,0.071156059
841,0.076675125
842,0.080747415
843,0.081880281
844,0.073165262
845,0.076509438
846,0.078588454
847,0.081701522
848,0.076588919
849,0.076069632
850,0.076305703
851,0.077285402
852,0.083643883
853,0.08251688
854,0.073220209
855,0.073838647
856,0.072342001
857,0.078942038
858,0.085050357
859,0.079003152
860,0.078553217
861,0.076790405
862,0.082120458
863,0.079210692
864,0.082849395
865,0.086143911
866,0.080270663
867,0.079508473
868,0.078201808
869,0.085080076
870,0.088736246
871,0.08171069
872,0.078298588
873,0.085728664
874,0.085409501
875,0.085079455
876,0.087235346
877,0.087615893
878,0.084150666
879,0.082847135
880,0.09006021
881,0.087365098
882,0.086834316
883,0.082800731
884,0.081914415
885,0.087301974
886,0.08365077
887,0.091141426
888,0.089679896
889,0.089642322
890,0.086625015
891,0.085409699
892,0.089840537
893,0.091507991
894,0.087120255
895,0.088293185
896,0.090541013
897,0.089068448
898,0.092857236
899,0.095002417
900,0.09097214
901,0.082929918
902,0.087933233
903,0.088375542
904,0.091266205
905,0.094603936
906,0.093775485
907,0.094502687
908,0.090158932
909,0.090831151
910,0.094472828
911,0.09742486
912,0.093594689
913,0.088472987
914,0.090187957
915,0.096848418
916,0.092877379
917,0.099554085
918,0.097360056
919,0.092756425
920,0.090220809
921,0.095139066
922,0.098874524
923,0.096454356
924,0.098633425
925,0.097058818
926,0.095006417
927,0.097308864
928,0.099471454
929,0.098035739
930,0.102994552
931,0.099498443
932,0.099298826
933,0.100196759
934,0.100362607
935,0.099045374
936,0.098726174
937,0.101315791
938,0.100264058
939,0.105185966
940,0.105361549
941,0.102023969
942,0.101149502
943,0.100901583
944,0.101537316
945,0.101296151
946,0.10365252
947,0.101918588
948,0.106444408
949,0.105032555
950,0.104392868
951,0.104926401
952,0.106313172
953,0.102984004
954,0.103628039
955,0.102947262
956,0.106097233
957,0.105747552
958,0.102169616
959,0.106551834
960,0.108980321
961,0.107111146
962,0.107309141
963,0.110039878
964,0.110154415
965,0.107896617
966,0.108103867
967,0.109065295
968,0.10599136
969,0.109954736
970,0.110572668
971,0.112249211
972,0.106644985
973,0.113203328
974,0.11028138
975,0.108826555
976,0.112616809
977,0.111193968
978,0.107339373
979,0.110332586
980,0.112020419
981,0.114471853
982,0.113487514
983,0.113017993
984,0.111303434
985,0.114283082
986,0.112300339
987,0.117262197
988,0.117635952
989,0.115357205
990,0.113201113
991,0.113480046
992,0.11537389
993,0.117572687
994,0.116433552
995,0.117421995
996,0.11648326
997,0.116278161
998,0.118684751
999,0.119943974
1000,0.119946079
1001,0.117138751
1002,0.117660119
1003,0.118991622
1004,0.124711138
1005,0.121204819
1006,0.120007277
1007,0.120805945
1008,0.118391473
1009,0.123868123
1010,0.12252981
1011,0.128522521
1012,0.121601717
1013,0.126107963
1014,0.121960468
1015,0.127806602
1016,0.12602353
1017,0.131026552
1018,0.127812253
1019,0.127475872
1020,0.126931464
1021,0.130659854
1022,0.129290844
1023,0.129055384
1024,0.129313927
1025,0.130770782
1026,0.127097129
1027,0.131040525
1028,0.134772213
1029,0.130359088
1030,0.1305582
1031,0.128180489
1032,0.127076495
1033,0.130906374
1034,0.130188581
1035,0.13260357
1036,0.131317748
1037,0.126301918
1038,0.129689863
1039,0.131010807
1040,0.131826032
1041,0.128630672
1042,0.132297319
1043,0.127736833
1044,0.129829973
1045,0.133907121
1046,0.131967625
1047,0.135127848
1048,0.132552941
1049,0.13444027
1050,0.13194656
1051,0.135675495
1052,0.135063412
1053,0.132159583
1054,0.1367209
1055,0.133734953
1056,0.132880389
1057,0.136870402
1058,0.136354285
1059,0.136692103
1060,0.135548356
1061,0.133055813
1062,0.137418228
1063,0.137927572
1064,0.137214046
1065,0.138361851
1066,0.137967721
1067,0.138219163
1068,0.137939171
1069,0.139558371
1070,0.143574203
1071,0.137498622
1072,0.137272076
1073,0.138779475
1074,0.140923843
1075,0.142134926
1076,0.142265075
1077,0.139192115
1078,0.138185346
1079,0.138763555
1080,0.139721161
1081,0.14319035
1082,0.142650998
1083,0.144130789
1084,0.143184685
1085,0.144958954
1086,0.141981632
1087,0.144630825
1088,0.146769292
1089,0.144272856
1090,0.144597571
1091,0.142723711
1092,0.148165911
1093,0.149588157
1094,0.14684654
1095,0.149418751
1096,0.150286005
1097,0.146208289
1098,0.148954578
1099,0.151701299
1100,0.150038078
1101,0.149192876
1102,0.148843463
1103,0.145665865
1104,0.152971746
1105,0.152396546
1106,0.152931676
1107,0.152326921
1108,0.150719104
1109,0.15377981
1110,0.155960305
1111,0.15388141
1112,0.15856873
1113,0.152867068
1114,0.150382368
1115,0.154761257
1116,0.155041663
1117,0.157069307
1118,0.154114847
1119,0.154152074
1120,0.152331506
1121,0.15435797
1122,0.159520768
1123,0.156381762
1124,0.155591028
1125,0.153433995
1126,0.156188054
1127,0.154469646
1128,0.158923274
1129,0.15822595
1130,0.159843221
1131,0.15608044
1132,0.156254544
1133,0.156671513
1134,0.160094665
1135,0.161244488
1136,0.159116195
1137,0.155642407
1138,0.156296251
1139,0.15767091
1140,0.159592967
1141,0.162106563
1142,0.162464199
1143,0.158908975
1144,0.159964285
1145,0.161026033
1146,0.163567158
1147,0.163781528
1148,0.164251414
1149,0.163202757
1150,0.163852157
1151,0.163448568
1152,0.168849234
1153,0.164745017
1154,0.167019892
1155,0.166502651
1156,0.165964822
1157,0.168576603
1158,0.169326137
1159,0.171020181
1160,0.169663722
1161,0.168644882
1162,0.170531785
1163,0.170392624
1164,0.172790107
1165,0.171700012
1166,0.166811573
1167,0.170028924
1168,0.172054234
1169,0.172718439
1170,0.170073191
1171,0.171674549
1172,0.170079791
1173,0.170667815
1174,0.172882738
1175,0.174186405
1176,0.172759185
1177,0.173267815
1178,0.171904078
1179,0.171039653
1180,0.172330534
1181,0.173821706
1182,0.174227495
1183,0.171937073
1184,0.172331672
1185,0.172567831
1186,0.175890304
1187,0.176157806
1188,0.172996312
1189,0.173929201
1190,0.170741554
1191,0.175743197
1192,0.173245435
1193,0.174651664
1194,0.177917223
1195,0.17801601
1196,0.176551159
1197,0.177180231
1198,0.180152135
1199,0.179794631
1200,0.180542012
1201,0.177692158
1202,0.1771714
1203,0.176053608
1204,0.180097576
1205,0.180806704
1206,0.180419913
1207,0.18193326
1208,0.180079874
1209,0.179403493
1210,0.183815735
1211,0.184325804
1212,0.181076595
1213,0.180556043
1214,0.182410758
1215,0.182268599
1216,0.182805053
1217,0.188210491
1218,0.183859017
1219,0.182663064
1220,0.184407981
1221,0.184711201
1222,0.185135613
1223,0.184525914
1224,0.185321104
1225,0.187423941
1226,0.185649412
1227,0.187471507
1228,0.189186228
1229,0.188103393
1230,0.188684356
1231,0.187977938
1232,0.188956014
1233,0.190171454
1234,0.191614167
1235,0.191317492
1236,0.192766006
1237,0.192910598
1238,0.19304005
1239,0.192305825
1240,0.194685426
1241,0.194856808
1242,0.195331535
1243,0.197684474
1244,0.194237882
1245,0.195697368
1246,0.196470731
1247,0.198377659
1248,0.197239158
1249,0.197184353
1250,0.196720413
1251,0.198024407
1252,0.198214251
1253,0.199533278
1254,0.199777705
1255,0.199282233
1256,0.199095302
1257,0.200963686
1258,0.202220508
1259,0.206366681
1260,0.20084439
1261,0.201294708
1262,0.20274499
1263,0.203546681
1264,0.203728127
1265,0.20607729
1266,0.2052628
1267,0.205159381
1268,0.204359053
1269,0.206046859
1270,0.208344769
1271,0.207592541
1272,0.207301986
1273,0.20658316
1274,0.208940526
1275,0.2092068
1276,0.209981282
1277,0.21011226
1278,0.209391591
1279,0.208656297
1280,0.210271892
1281,0.212783349
1282,0.213702265
1283,0.213541338
1284,0.211988437
1285,0.212262369
1286,0.213024124
1287,0.215881508
1288,0.216592185
1289,0.217618511
1290,0.215572064
1291,0.217301037
1292,0.217111327
1293,0.219489237
1294,0.220439199
1295,0.220462259
1296,0.217847764
1297,0.218628392
1298,0.220161736
1299,0.22449119
1300,0.22339712
1301,0.224047544
1302,0.223865303
1303,0.223350526
1304,0.224609231
1305,0.225749236
1306,0.226745807
1307,0.22770051
1308,0.22793025
1309,0.224207702
1310,0.227524274
1311,0.231092679
1312,0.231727696
1313,0.227659807
1314,0.230360047
1315,0.230533085
1316,0.230709271
1317,0.232305233
1318,0.235143235
1319,0.234399507
1320,0.232315831
1321,0.233223005
1322,0.238395478
1323,0.240685469
1324,0.237715305
1325,0.237979376
1326,0.239054483
1327,0.237317764
1328,0.241591359
1329,0.245160886
1330,0.243429083
1331,0.251377072
1332,0.252240829
1333,0.249744345
1334,0.2478907
1335,0.249298482
1336,0.248593146
1337,0.243833494
1338,0.244568381
1339,0.247307449
1340,0.248413157
1341,0.248664837
1342,0.250421776
1343,0.250675181
1344,0.25083351
1345,0.251316884
1346,0.255575471
1347,0.255583713
1348,0.25583386
1349,0.255646453
1350,0.256688026
1351,0.25755307
1352,0.264065054
1353,0.258708179
1354,0.261519477
1355,0.260596685
1356,0.262198059
1357,0.263195617
1358,0.26556459
1359,0.266390197
1360,0.267587843
1361,0.263006464
1362,0.267456589
1363,0.267016642
1364,0.269703293
1365,0.271253352
1366,0.271916549
1367,0.2732515
1368,0.272464882
1369,0.276821455
1370,0.276189725
1371,0.279069861
1372,0.277233266
1373,0.277489414
1374,0.277950014
1375,0.280397096
1376,0.28370529
1377,0.283506608
1378,0.28371362
1379,0.281898219
1380,0.286012608
1381,0.288301491
1382,0.285862768
1383,0.29038515
1384,0.289905992
1385,0.290399713
1386,0.291199048
1387,0.288817392
1388,0.293454679
1389,0.29425008
1390,0.293596056
1391,0.292368122
1392,0.29628004
1393,0.298326122
1394,0.297379377
1395,0.297585058
1396,0.299308735
1397,0.299737604
1398,0.300053518
1399,0.302916619
1400,0.304651757
1401,0.304797749
1402,0.304632926
1403,0.304082193
1404,0.310013109
1405,0.31691095
1406,0.315360183
1407,0.312368003
1408,0.312468747
1409,0.310092813
1410,0.315141883
1411,0.315868817
1412,0.318477265
1413,0.317413558
1414,0.318766281
1415,0.317625229
1416,0.32007953
1417,0.321514357
1418,0.325414666
1419,0.322817331
1420,0.325001691
1421,0.32646867
1422,0.32985961
1423,0.330588577
1424,0.330650789
1425,0.332562324
1426,0.333224166
1427,0.336318101
1428,0.336650359
1429,0.339186559
1430,0.339055071
1431,0.338410098
1432,0.340377831
1433,0.340430514
1434,0.344963002
1435,0.344902774
1436,0.345420464
1437,0.348473237
1438,0.349983527
1439,0.349872018
1440,0.353723149
1441,0.355797672
1442,0.356719133
1443,0.357019995
1444,0.357418349
1445,0.358877012
1446,0.360552856
1447,0.364331249
1448,0.364529111
1449,0.368759331
1450,0.366220948
1451,0.368487423
1452,0.373981482
1453,0.375325825
1454,0.375063346
1455,0.376478148
1456,0.372383794
1457,0.380789718
1458,0.379770665
1459,0.384630016
1460,0.383291893
1461,0.385705746
1462,0.386478785
1463,0.390565405
1464,0.39214499
1465,0.393178548
1466,0.395386813
1467,0.395315461
1468,0.396250849
1469,0.400516853
1470,0.401681542
1471,0.401441156
1472,0.402580828
1473,0.401005509
1474,0.403205821
1475,0.405282075
1476,0.408233192
1477,0.411713077
1478,0.411270661
1479,0.414060786
1480,0.414302742
1481,0.418252228
1482,0.419350296
1483,0.420024836
1484,0.419924732
1485,0.424035894
1486,0.424961017
1487,0.426913686
1488,0.431327361
1489,0.433312225
1490,0.431021809
1491,0.434697807
1492,0.435564534
1493,0.441725845
1494,0.443527563
1495,0.444722248
1496,0.448684667
1497,0.446144618
1498,0.448477796
1499,0.452789912
1500,0.456349736
1501,0.459638417
1502,0.458642213
1503,0.460151888
1504,0.463825099
1505,0.465269783
1506,0.469300899
1507,0.47536323
1508,0.471277702
1509,0.472871766
1510,0.477157886
1511,0.484769777
1512,0.486867132
1513,0.487373831
1514,0.49091138
1515,0.490925126
1516,0.496978922
1517,0.497551528
1518,0.502274982
1519,0.503143264
1520,0.505788174
1521,0.508516139
1522,0.510663609
1523,0.516706916
1524,0.517899214
1525,0.521377749
1526,0.522813298
1527,0.525466407
1528,0.530916256
1529,0.536998528
1530,0.539383074
1531,0.541483092
1532,0.544103697
1533,0.544388027
1534,0.549880786
1535,0.554591429
1536,0.56004669
1537,0.560605116
1538,0.56261183
1539,0.574260852
1540,0.568417464
1541,0.575447523
1542,0.576019172
1543,0.57814335
1544,0.583429074
1545,0.586859423
1546,0.592544232
1547,0.595930664
1548,0.598528666
1549,0.601080743
1550,0.604326848
1551,0.604958907
1552,0.612102148
1553,0.616789297
1554,0.618658875
1555,0.624783971
1556,0.627907848
1557,0.628009217
1558,0.628141548
1559,0.63760513
1560,0.642509124
1561,0.645693642
1562,0.649496898
1563,0.656230044
1564,0.658281761
1565,0.664518739
1566,0.668751374
1567,0.673294317
1568,0.674750626
1569,0.678397405
1570,0.684910925
1571,0.690242968
1572,0.694749657
1573,0.69973593
1574,0.702315499
1575,0.708401555
1576,0.718515729
1577,0.717058024
1578,0.722521442
1579,0.726415472
1580,0.729919055
1581,0.73622147
1582,0.743042443
1583,0.749242166
1584,0.752489536
1585,0.755006516
1586,0.759348332
1587,0.766216375
1588,0.773331364
1589,0.781192806
1590,0.782652784
1591,0.788906121
1592,0.791249324
1593,0.798125346
1594,0.806137981
1595,0.810620546
1596,0.816634747
1597,0.819555923
1598,0.825114311
1599,0.833300048
1600,0.839533227
1601,0.848111234
1602,0.852245477
1603,0.857109924
1604,0.862540862
1605,0.868675357
1606,0.877676764
1607,0.884130753
1608,0.889765851
1609,0.895026203
1610,0.901454923
1611,0.908981605
1612,0.917263727
1613,0.9223818
1614,0.929535168
1615,0.934122082
1616,0.939715177
1617,0.947724683
1618,0.957807156
1619,0.965256193
1620,0.971465604
1621,0.976763029
1622,0.985537811
1623,0.990579653
1624,0.999035247
1625,1.008272745
1626,1.016426954
1627,1.021262546
1628,1.027723394
1629,1.038377721
1630,1.045565905
1631,1.05582652
1632,1.064118488
1633,1.068047468
1634,1.074904169
1635,1.081301286
1636,1.09515201
1637,1.101381999
1638,1.108539623
1639,1.114947113
1640,1.126456705
1641,1.134394523
1642,1.141558332
1643,1.151329555
1644,1.157816065
1645,1.166665226
1646,1.175211456
1647,1.183032593
1648,1.191936702
1649,1.202672138
1650,1.207892934
1651,1.216031184
1652,1.224096467
1653,1.232502094
1654,1.240515476
1655,1.251660234
1656,1.261100348
1657,1.268360353
1658,1.276942176
1659,1.28913571
1660,1.300490795
1661,1.307598845
1662,1.315426897
1663,1.324511742
1664,1.331634999
1665,1.344053848
1666,1.351238369
1667,1.36248673
1668,1.369704051
1669,1.378662302
1670,1.38841637
1671,1.400408622
1672,1.408494441
1673,1.417315668
1674,1.427283767
1675,1.435512961
1676,1.446361023
1677,1.455967387
1678,1.466221203
1679,1.475167791
1680,1.482703298
1681,1.493886459
1682,1.505607932
1683,1.516808859
1684,1.526796184
1685,1.544760049
1686,1.54391418
1687,1.555354766
1688,1.564497128
1689,1.579650997
1690,1.587726948
1691,1.599423969
1692,1.608473622
1693,1.619098772
1694,1.631285958
1695,1.641755966
1696,1.660548093
1697,1.661630774
1698,1.673636343
1699,1.684295398
1700,1.697026826
1701,1.705071602
1702,1.717318519
1703,1.729873196
1704,1.73888775
1705,1.752533606
1706,1.761383144
1707,1.776505223
1708,1.788232111
1709,1.797525594
1710,1.809115055
1711,1.823276741
1712,1.835453029
1713,1.847152029
1714,1.860764727
1715,1.867695588
1716,1.883019645
1717,1.895255444
1718,1.905925963
1719,1.918962283
1720,1.933869429
1721,1.944384495
1722,1.956266677
1723,1.966470473
1724,1.983862774
1725,1.994827676
1726,2.006834472
1727,2.022655632
1728,2.032005514
1729,2.045943617
1730,2.060270411
1731,2.07361195
1732,2.084638278
1733,2.096496363
1734,2.105707058
1735,2.122961496
1736,2.133616238
1737,2.151788304
1738,2.161916993
1739,2.172865444
1740,2.18453456
1741,2.199690489
1742,2.212731216
1743,2.227314047
1744,2.242206224
1745,2.251355971
1746,2.267941327
1747,2.281577387
1748,2.295642304
1749,2.310228789
1750,2.327478563
1751,2.338662656
1752,2.354055795
1753,2.369721879
1754,2.38499037
1755,2.402960693
1756,2.420340091
1757,2.430825683
1758,2.444284981
1759,2.463383488
1760,2.481019888
1761,2.49915242
1762,2.512106025
1763,2.529674425
1764,2.546285075
1765,2.566737112
1766,2.585880219
1767,2.603977233
1768,2.625897843
1769,2.64154334
1770,2.660769456
1771,2.683505987
1772,2.706958357
1773,2.728789803
1774,2.756811646
1775,2.782687869
1776,2.815098843
1777,2.84944417
1778,2.872023091
1779,2.891325555
1780,2.908499553
1781,2.924943729
1782,2.944177039
1783,2.96124367
1784,2.9813997
1785,2.997615577
1786,3.018309034
1787,3.034451492
1788,3.051700488
1789,3.075479481
1790,3.095072581
1791,3.115040406
1792,3.132954146
1793,3.153595384
1794,3.17795926
1795,3.201811284
1796,3.224362877
1797,3.250219392
1798,3.274746819
1799,3.295676427
1800,3.322151308
1801,3.349652952
1802,3.382377686
1803,3.409288282
1804,3.439194354
1805,3.470592539
1806,3.509647951
1807,3.541191759
1808,3.579687941
1809,3.620512752
1810,3.663228204
1811,3.710623388
1812,3.762345232
1813,3.822028543
1814,3.891271653
1815,3.965372004
1816,4.071403492
1817,4.225450203
1818,4.306950635
1819,4.353747717
1820,4.393396914
1821,4.435117651
1822,4.456821029
1823,4.482652403
1824,4.510614509
1825,4.542585327
1826,4.575473849
1827,4.609596259
1828,4.643453107
1829,4.677874763
1830,4.710082723
1831,4.74704947
1832,4.784529041
1833,4.821754522
1834,4.863762073
1835,4.907857019
1836,4.945286954
1837,4.984297134
1838,5.029094452
1839,5.069616424
1840,5.106411491
1841,5.146932925
1842,5.185551281
1843,5.223620606
1844,5.266714565
1845,5.303874265
1846,5.343041247
1847,5.382019923
1848,5.417980859
1849,5.459489132
1850,5.496668475
1851,5.532102793
1852,5.57068932
1853,5.604510375
1854,5.642549696
1855,5.683412195
1856,5.716025497
1857,5.749515292
1858,5.78827482
1859,5.822261636
1860,5.855140353
1861,5.89283887
1862,5.926956835
1863,5.957543839
1864,5.988940995
1865,6.031742083
1866,6.06412498
1867,6.098024523
1868,6.13358463
1869,6.169885913
1870,6.204329035
1871,6.242463731
1872,6.279995294
1873,6.316720328
1874,6.353456358
1875,6.38979689
1876,6.427736297
1877,6.467394067
1878,6.507029186
1879,6.548021771
1880,6.588189601
1881,6.626584926
1882,6.666082409
1883,6.709020155
1884,6.744998914
1885,6.791924247
1886,6.833537105
1887,6.868559301
1888,6.91843858
1889,6.956354638
1890,6.997783418
1891,7.044396077
1892,7.082161198
1893,7.134443626
1894,7.172980485
1895,7.215327427
1896,7.257749448
1897,7.304691626
1898,7.353776765
1899,7.391496814
1900,7.438864601
1901,7.483489717
1902,7.530022975
1903,7.576792096
1904,7.612113804
1905,7.671418242
1906,7.714353078
1907,7.76125051
1908,7.810346805
1909,7.85620813
1910,7.908328576
1911,7.955448126
1912,8.007766944
1913,8.049288835
1914,8.102857877
1915,8.155757136
1916,8.202073015
1917,8.25486408
1918,8.307066145
1919,8.356775385
1920,8.393566559
1921,8.444362319
1922,8.520433849
1923,8.600503031
1924,8.679169995
1925,8.760014812
1926,8.849770078
1927,8.930041239
1928,9.006331814
1929,9.094478883
1930,9.182768001
1931,9.261160969
1932,9.347302701
1933,9.430057705
1934,9.508368813
1935,9.600748923
1936,9.679813037
1937,9.766110644
1938,9.853227449
1939,9.942189529
1940,10.0324675
1941,10.11420672
1942,10.20050697
1943,10.29241661
1944,10.38558334
1945,10.46048591
1946,10.56719805
1947,10.65426042
1948,10.74355556
1949,10.82726678
1950,10.9215505
1951,11.01464745
1952,11.1121167
1953,11.20397144
1954,11.29774044
1955,11.39951157
1956,11.52881054
1957,11.69388916
1958,11.8650066
1959,12.05628293
1960,12.19547026
1961,12.3022941
1962,12.39065847
1963,12.47864865
1964,12.56370256
1965,12.6619482
1966,12.7489945
1967,12.82921339
1968,12.92633089
1969,13.0174781
1970,13.09898583
1971,13.18515142
1972,13.29219784
1973,13.36941365
1974,13.47210816
1975,13.55395965
1976,13.63640587
1977,13.71444128
1978,13.70439192
1979,13.35292022
1980,13.08242247
1981,12.90336265
1982,12.77498996
1983,12.67546403
1984,12.60050316
1985,12.53691824
1986,12.47969246
1987,12.43373201
1988,12.40317242
1989,12.37126745
1990,12.33706892
1991,12.32022567
1992,12.3
1993,12.29519045
1994,12.29919438
1995,12.2983826
1996,12.29298487
1997,12.32308423
1998,12.34158754
1999,12.39087696
2000,12.45541077
2001,12.53173232
2002,12.62877139
2003,12.72725044
2004,12.86488881
2005,13.02349408
2006,13.23607161
2007,13.35432164
2008,13.3456566
2009,13.33146363
2010,13.32884663
2011,13.34666562
2012,13.34624077
2013,13.38463598
2014,13.39454131
2015,13.41461931
2016,13.45836999
2017,13.47645184
2018,13.50580686
2019,13.52019126
2020,13.55097217
2021,13.58354453
2022,13.59265587
2023,13.61074054
2024,13.62784119
2025,13.63530624
2026,13.65889238
2027,13.64998599
2028,13.65891789
2029,13.67275056
2030,13.67066499
2031,13.67547185
2032,13.65092192
2033,13.6456447
2034,13.60654547
2035,13.50115481
2036,13.33670165
2037,13.21312406
2038,13.07268439
2039,12.97025698
2040,12.85948089
2041,12.75754358
2042,12.65773309
2043,12.57459895
2044,12.48769272
2045,12.40565966
2046,12.32204534
2047,12.20866948
2048,12.11399374
2049,11.99729548
2050,11.73828368
2051,11.25813216
2052,11.07829191
2053,11.08831964
2054,11.08044875
2055,10.91644865
2056,10.82560318
2057,10.75105306
2058,10.69682505
2059,10.64248152
2060,10.58927357
2061,10.5378055
2062,10.487906
2063,10.43740842
2064,10.39734181
2065,10.34014575
2066,10.28339356
2067,10.24239126
2068,10.18471186
2069,10.13109074
2070,10.07359605
2071,10.01700864
2072,9.952946606
2073,9.891095341
2074,9.830359705
2075,9.761223554
2076,9.70393148
2077,9.630818824
2078,9.570082259
2079,9.497883229
2080,9.433038031
2081,9.37621483
2082,9.320647097
2083,9.271752807
2084,9.2217358
2085,9.177092707
2086,9.148609886
2087,9.118581969
2088,9.092864379
2089,9.078424912
2090,9.078755078
2091,9.080042521
2092,9.107822889
2093,9.143712721
2094,9.224268924
2095,9.27918197
2096,9.273995683
2097,9.247086482
2098,9.217753167
2099,9.205212072
2100,9.17143168
2101,9.14090632
2102,9.120723928
2103,9.107699574
2104,9.078381261
2105,9.063307326
2106,9.046051868
2107,9.018871686
2108,8.998098757
2109,8.978075624
2110,8.954009581
2111,8.936869214
2112,8.90649848
2113,8.881744087
2114,8.854295224
2115,8.833077101
2116,8.834077045
2117,8.851926712
2118,8.879572606
2119,8.907190775
2120,8.940803581
2121,8.987681866
2122,9.04585338
2123,9.103739572
2124,9.180937532
2125,9.256793779
2126,9.344833719
2127,9.451706576
2128,9.566840231
2129,9.6989523
2130,9.853947747
2131,10.0196851
2132,10.21650415
2133,10.44309792
2134,10.65731603
2135,10.80039702
2136,10.91745542
2137,11.0446514
2138,11.15126244
2139,11.27065193
2140,11.38671557
2141,11.5066645
2142,11.62892363
2143,11.76548772
2144,11.89257175
2145,12.04007309
2146,12.18428918
2147,12.31534418
2148,12.43624887
2149,12.55101499
2150,12.67092794
2151,12.82089199
2152,12.98761086
2153,13.16992144
2154,13.3837549
2155,13.65329952
2156,13.93188378
2157,14.28350639
2158,14.7142704
2159,14.82110948
2160,14.49545597
2161,14.20670071
2162,13.98580841
2163,13.79776792
2164,13.63457367
2165,13.5024087
2166,13.34498489
2167,13.17400358
2168,13.03766701
2169,12.92615895
2170,12.83270772
2171,12.7927047
2172,12.74612418
2173,12.75158068
2174,12.75847388
2175,12.7859718
2176,12.74392052
2177,12.68920844
2178,12.6118568
2179,12.59325878
2180,12.62611305
2181,12.63890196
2182,12.61080721
2183,12.5248163
2184,12.42585139
2185,12.34212436
2186,12.26301826
2187,12.17994259
2188,12.10521288
2189,12.03060098
2190,11.98285171
2191,11.89300902
2192,11.83895515
2193,11.77577609
2194,11.7132463
2195,11.65678523
2196,11.59971178
2197,11.56140462
2198,11.51849067
2199,11.46137499
2200,11.406708
2201,11.35863216
2202,11.31599076
2203,11.28235586
2204,11.22378282
2205,11.18215506
2206,11.14391761
2207,11.1044161
2208,11.06418476
2209,11.03105219
2210,10.98055911
2211,10.92549049
2212,10.89382503
2213,10.84910819
2214,10.81401546
2215,10.76531116
2216,10.7203802
2217,10.67820759
2218,10.63971583
2219,10.5872751
2220,10.54249665
2221,10.49415991
2222,10.44762114
2223,10.39697479
2224,10.34129797
2225,10.30022238
2226,10.24617456
2227,10.20219195
2228,10.1490622
2229,10.09118845
2230,10.04207528
2231,9.991967094
2232,9.934206649
2233,9.881512754
2234,9.829115687
2235,9.770709548
2236,9.715863613
2237,9.649713783
2238,9.602169019
2239,9.545046276
2240,9.489780517
2241,9.434353533
2242,9.38193822
2243,9.326604208
2244,9.271782666
2245,9.223311878
2246,9.172548909
2247,9.125424519
2248,9.070531989
2249,9.021377605
2250,8.977053925
2251,8.931939436
2252,8.892078497
2253,8.859960928
2254,8.832513546
2255,8.773203647
2256,8.707884222
2257,8.629481634
2258,8.553570021
2259,8.487723888
2260,8.428579433
2261,8.376322692
2262,8.317350383
2263,8.267686853
2264,8.214907874
2265,8.166476165
2266,8.105187943
2267,8.038579435
2268,7.958173894
2269,7.881657021
2270,7.81956824
2271,7.741218414
2272,7.668498651
2273,7.590116264
2274,7.514801538
2275,7.427718741
2276,7.350933068
2277,7.266096388
2278,7.18128871
2279,7.084982042
2280,6.991861905
2281,6.900419892
2282,6.798677729
2283,6.684557279
2284,6.573444324
2285,6.438371818
2286,6.318266838
2287,6.196755434
2288,6.088834198
2289,5.976421697
2290,5.871696821
2291,5.771403463
2292,5.67828498
2293,5.591056052
2294,5.508631022
2295,5.430915066
2296,5.35522101
2297,5.286606053
2298,5.208968561
2299,5.146777837
2300,5.078688922
2301,5.010211238
2302,4.943929652
2303,4.87469518
2304,4.810255569
2305,4.745528412
2306,4.676959515
2307,4.615497616
2308,4.543880459
2309,4.477310468
2310,4.406672612
2311,4.337989886
2312,4.262322374
2313,4.195450746
2314,4.115531241
2315,4.040891843
2316,3.950940923
2317,3.874756614
2318,3.781361322
2319,3.687871577
2320,3.57710624
2321,3.470397515
2322,3.324926227
2323,3.171614812
2324,2.946495438
2325,2.744395589
2326,2.676597283
2327,2.67086022
2328,2.656386285
2329,2.663492745
2330,2.655268299
2331,2.6612435
2332,2.667041542
2333,2.663759262
2334,2.681694982
2335,2.670782211
2336,2.68735792
2337,2.681387524
2338,2.689194697
2339,2.691065676
2340,2.693926892
2341,2.708627511
2342,2.703858469
2343,2.714659891
2344,2.71621069
2345,2.72129752
2346,2.731645937
2347,2.735485313
2348,2.746075825
2349,2.753817747
2350,2.7660333
2351,2.776024325
2352,2.785926754
2353,2.807510227
2354,2.812286817
2355,2.826802788
2356,2.850743362
2357,2.86113031
2358,2.872893004
2359,2.899673195
2360,2.93319352
2361,2.947942636
2362,2.972427488
2363,3.018764102
2364,3.060437101
2365,3.098090847
2366,3.1437939
2367,3.197553193
2368,3.249977203
2369,3.293674218
2370,3.331337217
2371,3.373105724
2372,3.411889922
2373,3.453301259
2374,3.495295373
2375,3.531615179
2376,3.573260308
2377,3.608368553
2378,3.647309216
2379,3.679737909
2380,3.717646282
2381,3.751207949
2382,3.788737491
2383,3.82551519
2384,3.85759594
2385,3.89419986
2386,3.929193728
2387,3.960764657
2388,3.995806386
2389,4.026917449
2390,4.058184862
2391,4.090275887
2392,4.118868368
2393,4.154070524
2394,4.184540518
2395,4.216765964
2396,4.244066564
2397,4.278237515
2398,4.306624426
2399,4.33839766
2400,4.369740817
2401,4.40237157
2402,4.431818844
2403,4.46056743
2404,4.495292297
2405,4.529320149
2406,4.566240229
2407,4.587277585
2408,4.600757364
2409,4.610134866
2410,4.62465269
2411,4.639604296
2412,4.657503308
2413,4.675971882
2414,4.690063389
2415,4.706035722
2416,4.726276114
2417,4.740391692
2418,4.758962532
2419,4.778313925
2420,4.793965012
2421,4.810430556
2422,4.823885504
2423,4.837929022
2424,4.852672185
2425,4.864320469
2426,4.87787675
2427,4.89122414
2428,4.898314316
2429,4.909267922
2430,4.92556447
2431,4.932830848
2432,4.942770002
2433,4.950948819
2434,4.954952498
2435,4.960482735
2436,4.972893715
2437,4.975365185
2438,4.977646618
2439,4.980028678
2440,4.985470173
2441,4.986429779
2442,4.988148208
2443,4.986636126
2444,4.989638223
2445,4.982897173
2446,4.983795139
2447,4.977359739
2448,4.972177508
2449,4.968851133
2450,4.962250191
2451,4.953058059
2452,4.946721445
2453,4.936581067
2454,4.925159471
2455,4.913112135
2456,4.901999364
2457,4.898622462
2458,4.891868599
2459,4.890535137
2460,4.891046249
2461,4.888564672
2462,4.890378878
2463,4.887612452
2464,4.892668162
2465,4.896450415
2466,4.900038729
2467,4.902453627
2468,4.904475868
2469,4.909732672
2470,4.911874571
2471,4.918104748
2472,4.922764399
2473,4.930760016
2474,4.931146189
2475,4.939869347
2476,4.941499291
2477,4.942487728
2478,4.951037583
2479,4.958883475
2480,4.95717677
2481,4.956512722
2482,4.969215445
2483,4.965965013
2484,4.971190189
2485,4.976067411
2486,4.974831044
2487,4.981465319
2488,4.978565982
2489,4.98376896
2490,4.984273524
2491,4.982991567
2492,4.983613645
2493,4.981224255
2494,4.980867388
2495,4.977509189
2496,4.981185125
2497,4.982088181
2498,4.977400697
2499,4.979363405
2500,4.975181529
2501,4.979542244
2502,4.98243379
2503,4.984670802
2504,4.97731543
2505,4.978668705
2506,4.978539226
2507,4.979040086
2508,4.983602298
2509,4.982240525
2510,4.979398191
2511,4.98030865
2512,4.981810598
2513,4.980945266
2514,4.980049929
2515,4.97870774
2516,4.979037539
2517,4.975111814
2518,4.973081829
2519,4.977256692
2520,4.973552867
2521,4.97029291
2522,4.965290225
2523,4.961564437
2524,4.963092205
2525,4.95620888
2526,4.954384275
2527,4.953456559
2528,4.948318452
2529,4.947769242
2530,4.940076805
2531,4.93450417
2532,4.932958549
2533,4.926870724
2534,4.921691087
2535,4.914016636
2536,4.905761854
2537,4.903035625
2538,4.900793017
2539,4.889271656
2540,4.877398526
2541,4.874593967
2542,4.865482366
2543,4.860020246
2544,4.852125512
2545,4.84149626
2546,4.834039627
2547,4.82185368
2548,4.814827453
2549,4.803328414
2550,4.793265252
2551,4.781338401
2552,4.76864277
2553,4.758278043
2554,4.746009889
2555,4.73547679
2556,4.722266536
2557,4.70653691
2558,4.691933804
2559,4.680210844
2560,4.664803322
2561,4.651452846
2562,4.637334271
2563,4.619897119
2564,4.598490147
2565,4.589061359
2566,4.568888836
2567,4.551414742
2568,4.533527678
2569,4.513566465
2570,4.496895657
2571,4.474501746
2572,4.456276429
2573,4.435246567
2574,4.41675541
2575,4.395517356
2576,4.373083993
2577,4.350584056
2578,4.323293485
2579,4.304801616
2580,4.280311352
2581,4.254826501
2582,4.226425595
2583,4.204167412
2584,4.180563184
2585,4.154888351
2586,4.128935438
2587,4.10182451
2588,4.07263431
2589,4.045389738
2590,4.018867612
2591,3.98569317
2592,3.956998527
2593,3.92778436
2594,3.894485777
2595,3.86711868
2596,3.833158676
2597,3.799141475
2598,3.766140837
2599,3.730767724
2600,3.695459898
2601,3.664622156
2602,3.627768332
2603,3.594691304
2604,3.556319496
2605,3.517132558
2606,3.480247375
2607,3.44119431
2608,3.405470597
2609,3.365120558
2610,3.322897717
2611,3.28305029
2612,3.240336979
2613,3.202317879
2614,3.160766532
2615,3.116290007
2616,3.074483632
2617,3.02649082
2618,2.985491206
2619,2.939093885
2620,2.893585472
2621,2.848612167
2622,2.798810632
2623,2.753530577
2624,2.704608313
2625,2.657681053
2626,2.610924861
2627,2.561103896
2628,2.510240748
2629,2.460774244
2630,2.411827994
2631,2.360676578
2632,2.31052681
2633,2.258977395
2634,2.207116277
2635,2.156321397
2636,2.100913367
2637,2.051570469
2638,1.998970056
2639,1.946465852
2640,1.894085842
2641,1.841756078
2642,1.788475817
2643,1.736562629
2644,1.681654321
2645,1.629157938
2646,1.577512134
2647,1.526710062
2648,1.476582088
2649,1.424199916
2650,1.374695206
2651,1.324248221
2652,1.277805548
2653,1.227874848
2654,1.182376791
2655,1.138787841
2656,1.097180363
2657,1.053979925
2658,1.014133103
2659,0.977685946
2660,0.947104645
2661,0.91491251
2662,0.892467049
2663,0.873002435
2664,0.858595783
2665,0.849386999
2666,0.848856585
2667,0.843061997
2668,0.839776444
2669,0.838862075
2670,0.839164752
2671,0.836575686
2672,0.835909494
2673,0.834872517
2674,0.837321652
2675,0.83517174
2676,0.836873497
2677,0.83601122
2678,0.834784854
2679,0.836518423
2680,0.83655658
2681,0.83889318
2682,0.837006833
2683,0.836979019
2684,0.838373071
2685,0.840637919
2686,0.842323797
2687,0.842129284
2688,0.838792547
2689,0.843152283
2690,0.843545415
2691,0.843872756
2692,0.845983363
2693,0.844982055
2694,0.846851886
2695,0.845877429
2696,0.845902732
2697,0.850701935
2698,0.853304102
2699,0.850712285
2700,0.850663103
2701,0.850536327
2702,0.852883657
2703,0.854764523
2704,0.857533567
2705,0.856154829
2706,0.856844872
2707,0.859215198
2708,0.858220228
2709,0.860961942
2710,0.862229854
2711,0.861802761
2712,0.862306959
2713,0.863340771
2714,0.865168027
2715,0.865849857
2716,0.869107075
2717,0.867345944
2718,0.870355173
2719,0.869739138
2720,0.868898481
2721,0.874103656
2722,0.87445568
2723,0.87434464
2724,0.873965856
2725,0.873954778
2726,0.875917028
2727,0.879488774
2728,0.881963637
2729,0.882202269
2730,0.882243605
2731,0.885135734
2732,0.883983491
2733,0.88638191
2734,0.887762206
2735,0.88752773
2736,0.88620298
2737,0.890334019
2738,0.891291114
2739,0.892709523
2740,0.894914944
2741,0.895141202
2742,0.895576861
2743,0.899032687
2744,0.899390209
2745,0.901374884
2746,0.903331684
2747,0.897971959
2748,0.90422574
2749,0.905524017
2750,0.905157201
2751,0.909160334
2752,0.909981163
2753,0.912617529
2754,0.912042254
2755,0.913017455
2756,0.914893656
2757,0.916157248
2758,0.91791111
2759,0.919299343
2760,0.918108414
2761,0.919176814
2762,0.921123879
2763,0.92227085
2764,0.922444609
2765,0.922291639
2766,0.925110449
2767,0.925478862
2768,0.929656089
2769,0.930663654
2770,0.932041898
2771,0.93336801
2772,0.933494623
2773,0.933368828
2774,0.936314796
2775,0.937893414
2776,0.94307691
2777,0.942020934
2778,0.943075704
2779,0.946066529
2780,0.948032023
2781,0.947741515
2782,0.948167123
2783,0.949794717
2784,0.951985611
2785,0.955644637
2786,0.956548988
2787,0.95859663
2788,0.957763932
2789,0.954474629
2790,0.960514984
2791,0.959693004
2792,0.963331204
2793,0.96690478
2794,0.963684914
2795,0.967021049
2796,0.968044828
2797,0.970320771
2798,0.971040727
2799,0.971942722
2800,0.973792148
2801,0.976606481
2802,0.976722565
2803,0.981642472
2804,0.980923384
2805,0.983634595
2806,0.983274103
2807,0.984914699
2808,0.985623527
2809,0.986053245
2810,0.990457017
2811,0.99029284
2812,0.990950982
2813,0.99467992
2814,0.994228916
2815,0.999553428
2816,1.000086992
2817,0.999355063
2818,1.002202293
2819,1.001800378
2820,1.00505774
2821,1.006805745
2822,1.00888023
2823,1.006856655
2824,1.009488656
2825,1.01062583
2826,1.014340183
2827,1.016646713
2828,1.01957763
2829,1.020263373
2830,1.020672111
2831,1.019665914
2832,1.025411217
2833,1.024477906
2834,1.027457053
2835,1.030444726
2836,1.030243938
2837,1.032190234
2838,1.034419741
2839,1.037763279
2840,1.041358658
2841,1.040435202
2842,1.0446952
2843,1.047883291
2844,1.049871417
2845,1.05617907
2846,1.053400719
2847,1.058915184
2848,1.06139945
2849,1.062699394
2850,1.06915993
2851,1.071525679
2852,1.074459724
2853,1.074344559
2854,1.078140946
2855,1.080455144
2856,1.080779925
2857,1.08351907
2858,1.085908405
2859,1.087794848
2860,1.086659142
2861,1.090899099
2862,1.089656205
2863,1.094054228
2864,1.094874872
2865,1.098783474
2866,1.096674314
2867,1.100813324
2868,1.103481199
2869,1.108978984
2870,1.10921906
2871,1.111473998
2872,1.108663011
2873,1.110776999
2874,1.120262567
2875,1.120492306
2876,1.123891818
2877,1.128359568
2878,1.124887346
2879,1.127982746
2880,1.131623622
2881,1.133691861
2882,1.13711682
2883,1.140820632
2884,1.143037568
2885,1.147916658
2886,1.149585876
2887,1.1528356
2888,1.153613822
2889,1.154152349
2890,1.157739457
2891,1.16140487
2892,1.164527321
2893,1.167430055
2894,1.172771922
2895,1.170834336
2896,1.172847812
2897,1.180277612
2898,1.182005483
2899,1.185655351
2900,1.187819572
2901,1.193487681
2902,1.1911955
2903,1.198250521
2904,1.200407096
2905,1.203499466
2906,1.208387245
2907,1.212684863
2908,1.208487997
2909,1.215238287
2910,1.219823545
2911,1.222624988
2912,1.22789544
2913,1.224047978
2914,1.230643433
2915,1.237792129
2916,1.239901453
2917,1.245891536
2918,1.247784342
2919,1.252826286
2920,1.254143164
2921,1.258405183
2922,1.264384588
2923,1.268782112
2924,1.268020959
2925,1.27169501
2926,1.273124027
2927,1.273576007
2928,1.277780881
2929,1.277405894
2930,1.282045355
2931,1.2832521
2932,1.28128121
2933,1.286181602
2934,1.28959415
2935,1.293419344
2936,1.293648199
2937,1.292614095
2938,1.295462536
2939,1.296046444
2940,1.301438143
2941,1.302203654
2942,1.301686225
2943,1.305409215
2944,1.301920256
2945,1.307159109
2946,1.310827305
2947,1.312514319
2948,1.319917283
2949,1.323256197
2950,1.320052701
2951,1.322708489
2952,1.324837775
2953,1.329797443
2954,1.332614291
2955,1.335997582
2956,1.337595214
2957,1.34101413
2958,1.34465009
2959,1.346044713
2960,1.34930184
2961,1.351756756
2962,1.353477202
2963,1.359289458
2964,1.359853308
2965,1.360626582
2966,1.365135306
2967,1.365936808
2968,1.368691818
2969,1.372590528
2970,1.374638997
2971,1.375781358
2972,1.377290306
2973,1.376615972
2974,1.382051283
2975,1.386621469
2976,1.387014426
2977,1.389506236
2978,1.389732432
2979,1.392825515
2980,1.393726767
2981,1.399612661
2982,1.40259714
2983,1.403184515
2984,1.409139054
2985,1.410651875
2986,1.412500202
2987,1.413765718
2988,1.413320772
2989,1.419170345
2990,1.42045221
2991,1.420445205
2992,1.419891745
2993,1.430346001
2994,1.43534264
2995,1.434890372
2996,1.435676075
2997,1.440520524
2998,1.441118831
2999,1.446286338
3000,1.449163646
3001,1.451447297
3002,1.457178069
3003,1.45273968
3004,1.456977581
3005,1.464286554
3006,1.46440905
3007,1.466795272
3008,1.466878804
3009,1.470343803
3010,1.473043233
3011,1.472880726
3012,1.480921112
3013,1.477022532
3014,1.478979974
3015,1.487277648
3016,1.487372835
3017,1.493524292
3018,1.497244811
3019,1.497271216
3020,1.498558393
3021,1.502888879
3022,1.50490762
3023,1.511507583
3024,1.511211541
3025,1.512479566
3026,1.517716467
3027,1.51808245
3028,1.520696934
3029,1.524810169
3030,1.525393346
3031,1.529287613
3032,1.534786324
3033,1.530718745
3034,1.534943853
3035,1.539383289
3036,1.544280898
3037,1.54267915
3038,1.54675556
3039,1.547101352
3040,1.548150239
3041,1.555606811
3042,1.547365322
3043,1.556422289
3044,1.559740301
3045,1.559433198
3046,1.567959233
3047,1.567340628
3048,1.569482176
3049,1.571571742
3050,1.573405848
3051,1.573944758
3052,1.579081428
3053,1.581141491
3054,1.582484432
3055,1.584627441
3056,1.586434621
3057,1.588422781
3058,1.588015807
3059,1.594057912
3060,1.595845144
3061,1.595714127
3062,1.601346394
3063,1.601192153
3064,1.605718749
3065,1.608340507
3066,1.606014414
3067,1.608135677
3068,1.611462124
3069,1.616516446
3070,1.616020463
3071,1.619347043
3072,1.621575277
3073,1.624595072
3074,1.628164264
3075,1.628362554
3076,1.627050319
3077,1.6283785
3078,1.624827457
3079,1.636098889
3080,1.632476306
3081,1.640036201
3082,1.644585406
3083,1.644692271
3084,1.642364618
3085,1.651292059
3086,1.651799923
3087,1.652713245
3088,1.654667858
3089,1.65811264
3090,1.656193562
3091,1.662672672
3092,1.664222105
3093,1.667427656
3094,1.671245798
3095,1.671655898
3096,1.674289867
3097,1.671988581
3098,1.678902281
3099,1.681223586
3100,1.681577858
3101,1.682414405
3102,1.687667414
3103,1.690070838
3104,1.692361079
3105,1.698213409
3106,1.709848917
3107,1.732470707
3108,1.715322374
3109,1.706059959
3110,1.706449876
3111,1.707349427
3112,1.706453317
3113,1.709077909
3114,1.709033814
3115,1.705784786
3116,1.712634488
3117,1.708654376
3118,1.719469109
3119,1.718659382
3120,1.716896772
3121,1.72548742
3122,1.726570517
3123,1.729851848
3124,1.732258821
3125,1.733056405
3126,1.735006211
3127,1.739259161
3128,1.734498788
3129,1.74282938
3130,1.743437609
3131,1.746910464
3132,1.747963141
3133,1.748967052
3134,1.751213531
3135,1.751248245
3136,1.755478195
3137,1.754206307
3138,1.758386098
3139,1.755833593
3140,1.762366834
3141,1.764203812
3142,1.76486856
3143,1.768071366
3144,1.767294045
3145,1.768973379
3146,1.768789629
3147,1.779124763
3148,1.776755862
3149,1.776491918
3150,1.779360225
3151,1.777082826
3152,1.777224563
3153,1.784100108
3154,1.792855916
3155,1.788997649
3156,1.789688524
3157,1.790183189
3158,1.794508128
3159,1.795692505
3160,1.800013455
3161,1.799781002
3162,1.801402415
3163,1.799480203
3164,1.800913553
3165,1.805686556
3166,1.808462237
3167,1.805179996
3168,1.811646211
3169,1.808189193
3170,1.810868719
3171,1.813148036
3172,1.818119202
3173,1.813363627
3174,1.817393455
3175,1.816522625
3176,1.821330821
3177,1.819435494
3178,1.821990794
3179,1.826964973
3180,1.822589235
3181,1.823835492
3182,1.824676908
3183,1.826017873
3184,1.830652582
3185,1.829953493
3186,1.827176347
3187,1.830463515
3188,1.83027794
3189,1.831980188
3190,1.832493642
3191,1.831780115
3192,1.830883248
3193,1.834459
3194,1.834404993
3195,1.832880627
3196,1.835900428
3197,1.834537797
3198,1.836526709
3199,1.834266907
3200,1.835293628
3201,1.836861427
3202,1.836238514
3203,1.835561914
3204,1.834929175
3205,1.83478267
3206,1.835277894
3207,1.835933872
3208,1.833474413
3209,1.83222147
3210,1.831126164
3211,1.831080546
3212,1.834230078
3213,1.826799016
3214,1.830152975
3215,1.830301169
3216,1.826746215
3217,1.825230021
3218,1.828028519
3219,1.825223631
3220,1.823814079
3221,1.823542458
3222,1.82061526
3223,1.819648962
3224,1.822190559
3225,1.821140542
3226,1.813543099
3227,1.813332217
3228,1.813758418
3229,1.810073801
3230,1.812782421
3231,1.807678623
3232,1.806653364
3233,1.797090542
3234,1.804482885
3235,1.801305496
3236,1.80191193
3237,1.79523345
3238,1.794879665
3239,1.794767793
3240,1.791477645
3241,1.787741013
3242,1.787006693
3243,1.781537828
3244,1.779813484
3245,1.77891989
3246,1.775458456
3247,1.768326042
3248,1.772661128
3249,1.765165204
3250,1.764657311
3251,1.762806991
3252,1.75848632
3253,1.75537005
3254,1.753861776
3255,1.749757088
3256,1.74657923
3257,1.742418851
3258,1.739044276
3259,1.737144818
3260,1.732482214
3261,1.72846776
3262,1.724957221
3263,1.723721465
3264,1.714045373
3265,1.71106783
3266,1.711261624
3267,1.704815013
3268,1.701679245
3269,1.695716782
3270,1.691410415
3271,1.683122872
3272,1.689237154
3273,1.684829256
3274,1.676435128
3275,1.675429282
3276,1.672620077
3277,1.665987228
3278,1.661753272
3279,1.659150157
3280,1.653609526
3281,1.649440545
3282,1.646381409
3283,1.645071105
3284,1.639658333
3285,1.634955983
3286,1.631593596
3287,1.629778239
3288,1.623112479
3289,1.621943336
3290,1.619663267
3291,1.615615809
3292,1.608720201
3293,1.609570108
3294,1.602927965
3295,1.602955498
3296,1.597183337
3297,1.59903892
3298,1.59461359
3299,1.587075511
3300,1.58631479
3301,1.584806844
3302,1.579425674
3303,1.576154939
3304,1.569883632
3305,1.565981634
3306,1.558978574
3307,1.561684704
3308,1.563278745
3309,1.554455916
3310,1.555307299
3311,1.552873492
3312,1.549675194
3313,1.548077828
3314,1.545351454
3315,1.541231234
3316,1.537234766
3317,1.535636515
3318,1.535898796
3319,1.530004196
3320,1.526129735
3321,1.524788207
3322,1.517945094
3323,1.520892066
3324,1.518895892
3325,1.511711044
3326,1.511972233
3327,1.511157496
3328,1.509360249
3329,1.505749129
3330,1.503800268
3331,1.507442436
3332,1.499023444
3333,1.493218296
3334,1.49317447
3335,1.493371255
3336,1.487428915
3337,1.483733178
3338,1.481852834
3339,1.480427464
3340,1.478595422
3341,1.478097298
3342,1.47698802
3343,1.475129291
3344,1.472080303
3345,1.468951065
3346,1.463152315
3347,1.467774491
3348,1.461472848
3349,1.462684268
3350,1.456392382
3351,1.455359712
3352,1.454489207
3353,1.454977415
3354,1.450388089
3355,1.455165866
3356,1.445604084
3357,1.445050376
3358,1.44236661
3359,1.44413861
3360,1.442629336
3361,1.439194748
3362,1.439475903
3363,1.434739785
3364,1.433344504
3365,1.432945893
3366,1.428702697
3367,1.430932974
3368,1.424462198
3369,1.423717982
3370,1.425184666
3371,1.427020537
3372,1.424108926
3373,1.425319324
3374,1.422996916
3375,1.421289454
3376,1.419533849
3377,1.417647984
3378,1.416650113
3379,1.418587574
3380,1.41357763
3381,1.414635838
3382,1.411981183
3383,1.41398484
3384,1.413517863
3385,1.415197636
3386,1.41098102
3387,1.412003548
3388,1.409951936
3389,1.411346657
3390,1.406582359
3391,1.407306512
3392,1.406326711
3393,1.410238956
3394,1.411965446
3395,1.410559424
3396,1.411196155
3397,1.409464609
3398,1.406637037
3399,1.407791308
3400,1.404952908
3401,1.403020986
3402,1.411039101
3403,1.411013085
3404,1.410617179
3405,1.413652529
3406,1.408378915
3407,1.411553192
3408,1.410487026
3409,1.411311482
3410,1.410157471
3411,1.411139892
3412,1.408945773
3413,1.41291487
3414,1.41732852
3415,1.41360463
3416,1.413413293
3417,1.413647964
3418,1.41571872
3419,1.415706338
3420,1.416915873
3421,1.418246813
3422,1.415821977
3423,1.416881236
3424,1.417874833
3425,1.414664174
3426,1.426564141
3427,1.416844308
3428,1.425123803
3429,1.421413154
3430,1.419642658
3431,1.422097514
3432,1.423642699
3433,1.42383731
3434,1.419513864
3435,1.423953077
3436,1.423348011
3437,1.427778873
3438,1.424223167
3439,1.427401201
3440,1.426030949
3441,1.42874315
3442,1.426207719
3443,1.426717729
3444,1.429184357
3445,1.428067107
3446,1.427126858
3447,1.429687948
3448,1.431536422
3449,1.435130775
3450,1.432724236
3451,1.433834562
3452,1.434167681
3453,1.438095872
3454,1.439515528
3455,1.434368122
3456,1.43959226
3457,1.440469329
3458,1.44102175
3459,1.441401726
3460,1.441157247
3461,1.445100576
3462,1.444807397
3463,1.444123579
3464,1.442091485
3465,1.443281775
3466,1.440427327
3467,1.443479309
3468,1.447443042
3469,1.442393921
3470,1.448953076
3471,1.452215571
3472,1.45051299
3473,1.448374673
3474,1.447829937
3475,1.452582836
3476,1.451221435
3477,1.45146418
3478,1.44746634
3479,1.452627747
3480,1.458202764
3481,1.458203892
3482,1.459055376
3483,1.454755631
3484,1.456163888
3485,1.452729405
3486,1.456030785
3487,1.460034839
3488,1.458883908
3489,1.463034103
3490,1.466040813
3491,1.461233874
3492,1.462326641
3493,1.464787669
3494,1.463888896
3495,1.463279023
3496,1.468609337
3497,1.465302594
3498,1.470467652
3499,1.47039247
3500,1.472157608
3501,1.465053904
3502,1.470972088
3503,1.471603703
3504,1.475618507
3505,1.472918299
3506,1.47385797
3507,1.47365856
3508,1.47495337
3509,1.477491247
3510,1.475747024
3511,1.473009448
3512,1.477842971
3513,1.478302056
3514,1.478731315
3515,1.477929722
3516,1.479063072
3517,1.479675086
3518,1.479802333
3519,1.483127002
3520,1.482385684
3521,1.486212456
3522,1.484568006
3523,1.485298446
3524,1.492525994
3525,1.490290632
3526,1.492002013
3527,1.491097948
3528,1.495004387
3529,1.496451568
3530,1.496394009
3531,1.500132701
3532,1.502581574
3533,1.502944117
3534,1.507792202
3535,1.506812103
3536,1.508141808
3537,1.51119804
3538,1.515914215
3539,1.514531308
3540,1.521318068
3541,1.520460532
3542,1.521520778
3543,1.524367659
3544,1.531350462
3545,1.528966956
3546,1.540420305
3547,1.541754139
3548,1.5391194
3549,1.544265694
3550,1.550191974
3551,1.550755629
3552,1.561934052
3553,1.560645519
3554,1.563310511
3555,1.568168781
3556,1.571604605
3557,1.574610045
3558,1.577653233
3559,1.584473865
3560,1.590750937
3561,1.594820629
3562,1.594925095
3563,1.602697914
3564,1.607259651
3565,1.610213426
3566,1.615342261
3567,1.620010303
3568,1.622893629
3569,1.633027924
3570,1.636482007
3571,1.644539806
3572,1.649935001
3573,1.653395704
3574,1.659466249
3575,1.667893032
3576,1.667637418
3577,1.673679293
3578,1.682423125
3579,1.684566497
3580,1.689319541
3581,1.69698282
3582,1.697964398
3583,1.706642952
3584,1.712226409
3585,1.716328639
3586,1.719696963
3587,1.726071372
3588,1.723342724
3589,1.727956173
3590,1.734862279
3591,1.73998704
3592,1.742881111
3593,1.741012608
3594,1.747048503
3595,1.751761482
3596,1.753768742
3597,1.756014543
3598,1.758938015
3599,1.760133306
3600,1.761590025
3601,1.767286214
3602,1.76717199
3603,1.770273489
3604,1.77066145
3605,1.77704554
3606,1.777693148
3607,1.774954464
3608,1.777707265
3609,1.78507369
3610,1.780267097
3611,1.784408391
3612,1.784925436
3613,1.787985323
3614,1.793625711
3615,1.790630456
3616,1.796317999
3617,1.796012451
3618,1.797296475
3619,1.79060556
3620,1.802134897
3621,1.800896042
3622,1.801662072
3623,1.804509324
3624,1.807466852
3625,1.805901536
3626,1.805040469
3627,1.806885013
3628,1.805390318
3629,1.805700472
3630,1.804592301
3631,1.80886024
3632,1.808368587
3633,1.809061176
3634,1.803232755
3635,1.810569984
3636,1.80845578
3637,1.810483105
3638,1.808119632
3639,1.808992227
3640,1.806706841
3641,1.808729108
3642,1.806435348
3643,1.81225717
3644,1.809864099
3645,1.804103439
3646,1.808133694
3647,1.801041774
3648,1.802121908
3649,1.804234477
3650,1.798328483
3651,1.795866563
3652,1.795470301
3653,1.797854751
3654,1.79675438
3655,1.791110774
3656,1.790534619
3657,1.78605476
3658,1.782940721
3659,1.785750114
3660,1.776856293
3661,1.779535319
3662,1.782086017
3663,1.776780814
3664,1.773009809
3665,1.769876494
3666,1.764689712
3667,1.759404583
3668,1.760500283
3669,1.753356493
3670,1.750298234
3671,1.74959685
3672,1.745838271
3673,1.746189701
3674,1.745462369
3675,1.729362028
3676,1.737071557
3677,1.72739102
3678,1.729449386
3679,1.725309672
3680,1.719885069
3681,1.710819264
3682,1.714512172
3683,1.70397682
3684,1.704108768
3685,1.696550533
3686,1.69390708
3687,1.691486951
3688,1.683256744
3689,1.680576299
3690,1.674694799
3691,1.672712511
3692,1.662417755
3693,1.6607603
3694,1.650651866
3695,1.643582757
3696,1.639687216
3697,1.634379354
3698,1.631165058
3699,1.625473412
3700,1.620393492
3701,1.60824673
3702,1.60470641
3703,1.60035914
3704,1.586375797
3705,1.588701355
3706,1.578844535
3707,1.573879259
3708,1.565064529
3709,1.557328553
3710,1.5534904
3711,1.539418875
3712,1.533735186
3713,1.526245626
3714,1.520257995
3715,1.508145641
3716,1.502235817
3717,1.491998264
3718,1.485167309
3719,1.471285924
3720,1.472669994
3721,1.462848438
3722,1.448725295
3723,1.43698061
3724,1.432076978
3725,1.420046449
3726,1.410768968
3727,1.402090512
3728,1.393884296
3729,1.378201332
3730,1.371523039
3731,1.357374833
3732,1.352580185
3733,1.344925635
3734,1.328307959
3735,1.315078202
3736,1.306007218
3737,1.296734665
3738,1.283665725
3739,1.276027787
3740,1.265137027
3741,1.251302502
3742,1.240469163
3743,1.231621746
3744,1.209650988
3745,1.200789256
3746,1.195153168
3747,1.188298738
3748,1.173872952
3749,1.166345138
3750,1.146612347
3751,1.134268456
3752,1.134186847
3753,1.11525099
3754,1.101548546
3755,1.093523345
3756,1.081225726
3757,1.069481288
3758,1.055186819
3759,1.050099652
3760,1.039570497
3761,1.023179895
3762,1.012004138
3763,1.003442936
3764,0.99109509
3765,0.97938725
3766,0.968284935
3767,0.958623115
3768,0.952442624
3769,0.933334312
3770,0.926962234
3771,0.921586992
3772,0.909268157
3773,0.896461993
3774,0.889051784
3775,0.881224643
3776,0.868475188
3777,0.855188196
3778,0.848256819
3779,0.838860169
3780,0.826589002
3781,0.814690247
3782,0.810317942
3783,0.796035892
3784,0.788291031
3785,0.783364365
3786,0.767064169
3787,0.76266584
3788,0.751986582
3789,0.737536786
3790,0.733475065
3791,0.724826844
3792,0.714085805
3793,0.707940435
3794,0.698326735
3795,0.689018925
3796,0.681423042
3797,0.673285088
3798,0.663620844
3799,0.657307364
3800,0.652302093
3801,0.642961185
3802,0.630294126
3803,0.628063325
3804,0.616584193
3805,0.611150685
3806,0.604131241
3807,0.597422975
3808,0.591060269
3809,0.585915556
3810,0.572592151
3811,0.563394924
3812,0.557750767
3813,0.552619633
3814,0.542843981
3815,0.535199061
3816,0.532889417
3817,0.517840703
3818,0.519914622
3819,0.509077919
3820,0.502743822
3821,0.490676924
3822,0.487613601
3823,0.480869059
3824,0.476209083
3825,0.468774335
3826,0.458087016
3827,0.453321449
3828,0.448641141
3829,0.44391761
3830,0.436198266
3831,0.427188617
3832,0.423135624
3833,0.420454831
3834,0.414317919
3835,0.407899304
3836,0.398098239
3837,0.390091425
3838,0.386829938
3839,0.383083903
3840,0.378151143
3841,0.376376489
3842,0.367409439
3843,0.363519637
3844,0.353016431
3845,0.357874412
3846,0.347372779
3847,0.346327882
3848,0.338272309
3849,0.33567269
3850,0.330612558
3851,0.323516052
3852,0.328603635
3853,0.315586995
3854,0.309293859
3855,0.305652869
3856,0.304720581
3857,0.300607489
3858,0.298563985
3859,0.290512206
3860,0.287354292
3861,0.282825025
3862,0.274716122
3863,0.272954596
3864,0.269833446
3865,0.265753377
3866,0.262413221
3867,0.258270846
3868,0.251359016
3869,0.251787268
3870,0.252330223
3871,0.247635069
3872,0.241355935
3873,0.236933121
3874,0.233877649
3875,0.228330722
3876,0.224592587
3877,0.225170528
3878,0.217955346
3879,0.218058311
3880,0.211687823
3881,0.204141137
3882,0.207645019
3883,0.202900346
3884,0.19862999
3885,0.192360955
3886,0.18356115
3887,0.184334908
3888,0.183376788
3889,0.182751564
3890,0.17705203
3891,0.178068143
3892,0.171162308
3893,0.16828692
3894,0.16463727
3895,0.16331131
3896,0.161087563
3897,0.157889879
3898,0.151185483
3899,0.150421166
3900,0.145220107
3901,0.143839199
3902,0.138174515
3903,0.137704311
3904,0.135410294
3905,0.127231436
3906,0.129565607
3907,0.124259688
3908,0.123827689
3909,0.120161122
3910,0.11506556
3911,0.116428204
3912,0.112857459
3913,0.108030416
3914,0.109787124
3915,0.106856909
3916,0.101693993
3917,0.097523469
3918,0.09754183
3919,0.098583982
3920,0.094716825
3921,0.089071102
3922,0.090651686
3923,0.08538472
3924,0.084051852
3925,0.083822959
3926,0.082707614
3927,0.07345793
3928,0.078112294
3929,0.071566
3930,0.070381461
3931,0.068722228
3932,0.061495306
3933,0.065821332
3934,0.06076745
3935,0.060606195
3936,0.062197752
3937,0.058311889
3938,0.053556297
3939,0.052791645
3940,0.051481362
3941,0.048077998
3942,0.046407311
3943,0.046086655
3944,0.046612808
3945,0.044010569
3946,0.040775567
3947,0.038853736
3948,0.040770022
3949,0.040343387
3950,0.036567927
3951,0.03206742
3952,0.030397929
3953,0.036270078
3954,0.030010967
3955,0.029740764
3956,0.030814903
3957,0.031068088
3958,0.02753657
3959,0.024924308
3960,0.029043226
3961,0.025997593
3962,0.02371991
3963,0.025553952
3964,0.02088341
3965,0.019331241
3966,0.019258123
3967,0.016612618
3968,0.020275505
3969,0.013041996
3970,0.014659422
3971,0.015219464
3972,0.012163017
3973,0.019530461
3974,0.017921303
3975,0.01351804
3976,0.006781093
3977,0.011729392
3978,0.015793864
3979,0.009953746
3980,0.006673775
3981,0.008139341
3982,0.010861068
3983,0.009396707
3984,0.008914687
3985,0.010516022
3986,0.009012144
3987,0.007787887
3988,0.007428244
3989,0.006757176
3990,0.002879128
3991,0.00795827
3992,0.005768195
3993,0.007787893
3994,0.005241293
3995,0.007036898
3996,0.008501365
3997,0.004062487
3998,0.005507974
3999,0.005544703
